{"players":[{"position":{"x":9.238719940185547e-7,"y":0.6257593631744385,"z":0.08999857306480408},"rotation":{"x":0.0,"y":0.7071068286895752,"z":0.0,"w":0.7071068286895752},"scale":{"x":1.0,"y":1.0,"z":1.0}}],"floors":[{"position":{"x":0.0,"y":-4.5,"z":0.0},"rotation":{"x":0.0,"y":0.0,"z":0.0,"w":1.0},"scale":{"x":30.0,"y":1.0,"z":30.0}}],"corners":[],"innerCorners":[{"position":{"x":15.0,"y":-4.449999809265137,"z":15.0},"rotation":{"x":-0.7071068286895752,"y":0.0,"z":0.0,"w":0.7071068286895752},"scale":{"x":1.0,"y":1.0,"z":1.0}}],"coins":[{"position":{"x":5445.8427734375,"y":126.0,"z":-169.0},"rotation":{"x":-0.8433916568756104,"y":7.154592651659186e-8,"z":-0.5372993350028992,"w":1.123048036788532e-7},"scale":{"x":25.200000762939454,"y":25.200000762939454,"z":2.5199999809265138}}],"goals":[]}
