{"players":[{"position":{"x":0.0,"y":2.5103845596313478,"z":0.09000000357627869},"rotation":{"x":0.0,"y":-0.7071068286895752,"z":0.0,"w":0.7071068286895752},"scale":{"x":1.0,"y":1.0,"z":1.0}}],"floors":[{"position":{"x":0.0,"y":0.0,"z":0.0},"rotation":{"x":0.0,"y":0.0,"z":0.0,"w":1.0},"scale":{"x":10.0,"y":1.0,"z":10.0}}],"corners":[{"position":{"x":0.0,"y":0.0,"z":10.0},"rotation":{"x":0.0,"y":0.0,"z":0.0,"w":1.0},"scale":{"x":10.0,"y":1.0,"z":10.0}}],"coins":[],"goals":[]}
