{"players":[{"position":{"x":0.0000014901161193847657,"y":-3.5781140327453615,"z":-0.0000015050172805786133},"rotation":{"x":0.0,"y":0.7071068286895752,"z":0.0,"w":0.7071068286895752},"scale":{"x":1.0,"y":1.0,"z":1.0}}],"floors":[{"position":{"x":0.0,"y":-4.5,"z":0.0},"rotation":{"x":0.0,"y":0.0,"z":0.0,"w":1.0},"scale":{"x":30.0,"y":1.0,"z":30.0}}],"coins":[{"position":{"x":5445.8427734375,"y":126.0,"z":-169.0},"rotation":{"x":-0.130526602268219,"y":1.3201896820191906e-7,"z":-0.9914448857307434,"w":1.7380671124556103e-8},"scale":{"x":25.200000762939454,"y":25.200000762939454,"z":2.5199999809265138}}],"goals":[{"position":{"x":0.0,"y":-4.0,"z":0.0},"rotation":{"x":0.7071068286895752,"y":0.0,"z":0.0,"w":0.7071068286895752},"scale":{"x":20.0,"y":20.0,"z":1.0}}]}
